"HealthTopic","Population","Indicator","Unit","Time","RegionCode","RegionName","NumValue","TxtValue"
"Antimicrobial resistance","Pseudomonas aeruginosa|Carbapenems","R - resistant isolates, percentage  ","%","2005","AT","Austria",10.389610380,""
"Antimicrobial resistance","Pseudomonas aeruginosa|Carbapenems","R - resistant isolates, percentage  ","%","2005","BG","Bulgaria",37.500000000,""
"Antimicrobial resistance","Pseudomonas aeruginosa|Carbapenems","R - resistant isolates, percentage  ","%","2005","CY","Cyprus",-,""
"Antimicrobial resistance","Pseudomonas aeruginosa|Carbapenems","R - resistant isolates, percentage  ","%","2005","CZ","Czechia",31.128404660,""
"Antimicrobial resistance","Pseudomonas aeruginosa|Carbapenems","R - resistant isolates, percentage  ","%","2005","DE","Germany",24.786324780,""
"Antimicrobial resistance","Pseudomonas aeruginosa|Carbapenems","R - resistant isolates, percentage  ","%","2005","EE","Estonia",37.837837830,""
"Antimicrobial resistance","Pseudomonas aeruginosa|Carbapenems","R - resistant isolates, percentage  ","%","2005","EL","Greece",38.681948420,""
"Antimicrobial resistance","Pseudomonas aeruginosa|Carbapenems","R - resistant isolates, percentage  ","%","2005","ES","Spain",17.142857140,""
"Antimicrobial resistance","Pseudomonas aeruginosa|Carbapenems","R - resistant isolates, percentage  ","%","2005","FI","Finland",15.306122440,""
"Antimicrobial resistance","Pseudomonas aeruginosa|Carbapenems","R - resistant isolates, percentage  ","%","2005","FR","France",14.227642270,""
"Antimicrobial resistance","Pseudomonas aeruginosa|Carbapenems","R - resistant isolates, percentage  ","%","2005","HR","Croatia",23.611111110,""
"Antimicrobial resistance","Pseudomonas aeruginosa|Carbapenems","R - resistant isolates, percentage  ","%","2005","HU","Hungary",18.346774190,""
"Antimicrobial resistance","Pseudomonas aeruginosa|Carbapenems","R - resistant isolates, percentage  ","%","2005","IE","Ireland",11.111111110,""
"Antimicrobial resistance","Pseudomonas aeruginosa|Carbapenems","R - resistant isolates, percentage  ","%","2005","IS","Iceland",-,""
"Antimicrobial resistance","Pseudomonas aeruginosa|Carbapenems","R - resistant isolates, percentage  ","%","2005","LU","Luxembourg",-,""
"Antimicrobial resistance","Pseudomonas aeruginosa|Carbapenems","R - resistant isolates, percentage  ","%","2005","MT","Malta",17.777777770,""
"Antimicrobial resistance","Pseudomonas aeruginosa|Carbapenems","R - resistant isolates, percentage  ","%","2005","NL","Netherlands",4.812834220,""
"Antimicrobial resistance","Pseudomonas aeruginosa|Carbapenems","R - resistant isolates, percentage  ","%","2005","NO","Norway",3.448275860,""
"Antimicrobial resistance","Pseudomonas aeruginosa|Carbapenems","R - resistant isolates, percentage  ","%","2005","PL","Poland",26.923076920,""
"Antimicrobial resistance","Pseudomonas aeruginosa|Carbapenems","R - resistant isolates, percentage  ","%","2005","RO","Romania",60.869565210,""
"Antimicrobial resistance","Pseudomonas aeruginosa|Carbapenems","R - resistant isolates, percentage  ","%","2005","SE","Sweden",17.543859640,""
"Antimicrobial resistance","Pseudomonas aeruginosa|Carbapenems","R - resistant isolates, percentage  ","%","2005","SI","Slovenia",13.157894730,""
"Antimicrobial resistance","Pseudomonas aeruginosa|Carbapenems","R - resistant isolates, percentage  ","%","2005","UK","United Kingdom",9.217877090,""
"Antimicrobial resistance","Pseudomonas aeruginosa|Carbapenems","R - resistant isolates, percentage  ","%","2006","AT","Austria",14.861460950,""
"Antimicrobial resistance","Pseudomonas aeruginosa|Carbapenems","R - resistant isolates, percentage  ","%","2006","BG","Bulgaria",14.285714280,""
"Antimicrobial resistance","Pseudomonas aeruginosa|Carbapenems","R - resistant isolates, percentage  ","%","2006","CY","Cyprus",11.111111110,""
"Antimicrobial resistance","Pseudomonas aeruginosa|Carbapenems","R - resistant isolates, percentage  ","%","2006","CZ","Czechia",32.719836400,""
"Antimicrobial resistance","Pseudomonas aeruginosa|Carbapenems","R - resistant isolates, percentage  ","%","2006","DE","Germany",16.666666660,""
"Antimicrobial resistance","Pseudomonas aeruginosa|Carbapenems","R - resistant isolates, percentage  ","%","2006","EE","Estonia",28.571428570,""
"Antimicrobial resistance","Pseudomonas aeruginosa|Carbapenems","R - resistant isolates, percentage  ","%","2006","EL","Greece",47.607361960,""
"Antimicrobial resistance","Pseudomonas aeruginosa|Carbapenems","R - resistant isolates, percentage  ","%","2006","ES","Spain",11.568123390,""
"Antimicrobial resistance","Pseudomonas aeruginosa|Carbapenems","R - resistant isolates, percentage  ","%","2006","FI","Finland",7.594936700,""
"Antimicrobial resistance","Pseudomonas aeruginosa|Carbapenems","R - resistant isolates, percentage  ","%","2006","FR","France",12.151394420,""
"Antimicrobial resistance","Pseudomonas aeruginosa|Carbapenems","R - resistant isolates, percentage  ","%","2006","HR","Croatia",24.705882350,""
"Antimicrobial resistance","Pseudomonas aeruginosa|Carbapenems","R - resistant isolates, percentage  ","%","2006","HU","Hungary",16.135084420,""
"Antimicrobial resistance","Pseudomonas aeruginosa|Carbapenems","R - resistant isolates, percentage  ","%","2006","IE","Ireland",9.243697470,""
"Antimicrobial resistance","Pseudomonas aeruginosa|Carbapenems","R - resistant isolates, percentage  ","%","2006","IS","Iceland",-,""
"Antimicrobial resistance","Pseudomonas aeruginosa|Carbapenems","R - resistant isolates, percentage  ","%","2006","IT","Italy",21.311475400,""
"Antimicrobial resistance","Pseudomonas aeruginosa|Carbapenems","R - resistant isolates, percentage  ","%","2006","LT","Lithuania",-,""
"Antimicrobial resistance","Pseudomonas aeruginosa|Carbapenems","R - resistant isolates, percentage  ","%","2006","LU","Luxembourg",-,""
"Antimicrobial resistance","Pseudomonas aeruginosa|Carbapenems","R - resistant isolates, percentage  ","%","2006","LV","Latvia",-,""
"Antimicrobial resistance","Pseudomonas aeruginosa|Carbapenems","R - resistant isolates, percentage  ","%","2006","MT","Malta",20.000000000,""
"Antimicrobial resistance","Pseudomonas aeruginosa|Carbapenems","R - resistant isolates, percentage  ","%","2006","NL","Netherlands",2.061855670,""
"Antimicrobial resistance","Pseudomonas aeruginosa|Carbapenems","R - resistant isolates, percentage  ","%","2006","NO","Norway",9.411764700,""
"Antimicrobial resistance","Pseudomonas aeruginosa|Carbapenems","R - resistant isolates, percentage  ","%","2006","PL","Poland",29.729729720,""
"Antimicrobial resistance","Pseudomonas aeruginosa|Carbapenems","R - resistant isolates, percentage  ","%","2006","PT","Portugal",20.717131470,""
"Antimicrobial resistance","Pseudomonas aeruginosa|Carbapenems","R - resistant isolates, percentage  ","%","2006","RO","Romania",-,""
"Antimicrobial resistance","Pseudomonas aeruginosa|Carbapenems","R - resistant isolates, percentage  ","%","2006","SE","Sweden",4.680851060,""
"Antimicrobial resistance","Pseudomonas aeruginosa|Carbapenems","R - resistant isolates, percentage  ","%","2006","SI","Slovenia",5.555555550,""
"Antimicrobial resistance","Pseudomonas aeruginosa|Carbapenems","R - resistant isolates, percentage  ","%","2006","UK","United Kingdom",6.201550380,""
"Antimicrobial resistance","Pseudomonas aeruginosa|Carbapenems","R - resistant isolates, percentage  ","%","2007","AT","Austria",11.519607840,""
"Antimicrobial resistance","Pseudomonas aeruginosa|Carbapenems","R - resistant isolates, percentage  ","%","2007","BG","Bulgaria",-,""
"Antimicrobial resistance","Pseudomonas aeruginosa|Carbapenems","R - resistant isolates, percentage  ","%","2007","CY","Cyprus",19.230769230,""
"Antimicrobial resistance","Pseudomonas aeruginosa|Carbapenems","R - resistant isolates, percentage  ","%","2007","CZ","Czechia",35.976789160,""
"Antimicrobial resistance","Pseudomonas aeruginosa|Carbapenems","R - resistant isolates, percentage  ","%","2007","DE","Germany",22.335025380,""
"Antimicrobial resistance","Pseudomonas aeruginosa|Carbapenems","R - resistant isolates, percentage  ","%","2007","DK","Denmark",2.265372160,""
"Antimicrobial resistance","Pseudomonas aeruginosa|Carbapenems","R - resistant isolates, percentage  ","%","2007","EE","Estonia",17.777777770,""
"Antimicrobial resistance","Pseudomonas aeruginosa|Carbapenems","R - resistant isolates, percentage  ","%","2007","EL","Greece",46.741854630,""
"Antimicrobial resistance","Pseudomonas aeruginosa|Carbapenems","R - resistant isolates, percentage  ","%","2007","ES","Spain",15.192743760,""
"Antimicrobial resistance","Pseudomonas aeruginosa|Carbapenems","R - resistant isolates, percentage  ","%","2007","FI","Finland",8.522727270,""
"Antimicrobial resistance","Pseudomonas aeruginosa|Carbapenems","R - resistant isolates, percentage  ","%","2007","FR","France",14.132104450,""
"Antimicrobial resistance","Pseudomonas aeruginosa|Carbapenems","R - resistant isolates, percentage  ","%","2007","HR","Croatia",26.455026450,""
"Antimicrobial resistance","Pseudomonas aeruginosa|Carbapenems","R - resistant isolates, percentage  ","%","2007","HU","Hungary",18.540433920,""
"Antimicrobial resistance","Pseudomonas aeruginosa|Carbapenems","R - resistant isolates, percentage  ","%","2007","IE","Ireland",8.750000000,""
"Antimicrobial resistance","Pseudomonas aeruginosa|Carbapenems","R - resistant isolates, percentage  ","%","2007","IS","Iceland",-,""
"Antimicrobial resistance","Pseudomonas aeruginosa|Carbapenems","R - resistant isolates, percentage  ","%","2007","IT","Italy",26.630434780,""
"Antimicrobial resistance","Pseudomonas aeruginosa|Carbapenems","R - resistant isolates, percentage  ","%","2007","LT","Lithuania",30.000000000,""
"Antimicrobial resistance","Pseudomonas aeruginosa|Carbapenems","R - resistant isolates, percentage  ","%","2007","LU","Luxembourg",-,""
"Antimicrobial resistance","Pseudomonas aeruginosa|Carbapenems","R - resistant isolates, percentage  ","%","2007","LV","Latvia",-,""
"Antimicrobial resistance","Pseudomonas aeruginosa|Carbapenems","R - resistant isolates, percentage  ","%","2007","MT","Malta",11.111111110,""
"Antimicrobial resistance","Pseudomonas aeruginosa|Carbapenems","R - resistant isolates, percentage  ","%","2007","NL","Netherlands",2.348993280,""
"Antimicrobial resistance","Pseudomonas aeruginosa|Carbapenems","R - resistant isolates, percentage  ","%","2007","NO","Norway",9.278350510,""
"Antimicrobial resistance","Pseudomonas aeruginosa|Carbapenems","R - resistant isolates, percentage  ","%","2007","PL","Poland",17.910447760,""
"Antimicrobial resistance","Pseudomonas aeruginosa|Carbapenems","R - resistant isolates, percentage  ","%","2007","PT","Portugal",14.860681110,""
"Antimicrobial resistance","Pseudomonas aeruginosa|Carbapenems","R - resistant isolates, percentage  ","%","2007","RO","Romania",-,""
"Antimicrobial resistance","Pseudomonas aeruginosa|Carbapenems","R - resistant isolates, percentage  ","%","2007","SE","Sweden",7.098765430,""
"Antimicrobial resistance","Pseudomonas aeruginosa|Carbapenems","R - resistant isolates, percentage  ","%","2007","SI","Slovenia",19.318181810,""
"Antimicrobial resistance","Pseudomonas aeruginosa|Carbapenems","R - resistant isolates, percentage  ","%","2007","UK","United Kingdom",9.961685820,""
"Antimicrobial resistance","Pseudomonas aeruginosa|Carbapenems","R - resistant isolates, percentage  ","%","2008","AT","Austria",10.848126230,""
"Antimicrobial resistance","Pseudomonas aeruginosa|Carbapenems","R - resistant isolates, percentage  ","%","2008","BG","Bulgaria",17.391304340,""
"Antimicrobial resistance","Pseudomonas aeruginosa|Carbapenems","R - resistant isolates, percentage  ","%","2008","CY","Cyprus",18.604651160,""
"Antimicrobial resistance","Pseudomonas aeruginosa|Carbapenems","R - resistant isolates, percentage  ","%","2008","CZ","Czechia",29.078014180,""
"Antimicrobial resistance","Pseudomonas aeruginosa|Carbapenems","R - resistant isolates, percentage  ","%","2008","DE","Germany",10.778443110,""
"Antimicrobial resistance","Pseudomonas aeruginosa|Carbapenems","R - resistant isolates, percentage  ","%","2008","DK","Denmark",1.176470580,""
"Antimicrobial resistance","Pseudomonas aeruginosa|Carbapenems","R - resistant isolates, percentage  ","%","2008","EE","Estonia",30.000000000,""
"Antimicrobial resistance","Pseudomonas aeruginosa|Carbapenems","R - resistant isolates, percentage  ","%","2008","EL","Greece",48.689956330,""
"Antimicrobial resistance","Pseudomonas aeruginosa|Carbapenems","R - resistant isolates, percentage  ","%","2008","ES","Spain",13.162705660,""
"Antimicrobial resistance","Pseudomonas aeruginosa|Carbapenems","R - resistant isolates, percentage  ","%","2008","FI","Finland",6.285714280,""
"Antimicrobial resistance","Pseudomonas aeruginosa|Carbapenems","R - resistant isolates, percentage  ","%","2008","FR","France",14.227309890,""
"Antimicrobial resistance","Pseudomonas aeruginosa|Carbapenems","R - resistant isolates, percentage  ","%","2008","HR","Croatia",30.000000000,""
"Antimicrobial resistance","Pseudomonas aeruginosa|Carbapenems","R - resistant isolates, percentage  ","%","2008","HU","Hungary",25.910931170,""
"Antimicrobial resistance","Pseudomonas aeruginosa|Carbapenems","R - resistant isolates, percentage  ","%","2008","IE","Ireland",6.285714280,""
"Antimicrobial resistance","Pseudomonas aeruginosa|Carbapenems","R - resistant isolates, percentage  ","%","2008","IS","Iceland",-,""
"Antimicrobial resistance","Pseudomonas aeruginosa|Carbapenems","R - resistant isolates, percentage  ","%","2008","IT","Italy",32.919254650,""
"Antimicrobial resistance","Pseudomonas aeruginosa|Carbapenems","R - resistant isolates, percentage  ","%","2008","LT","Lithuania",23.809523800,""
"Antimicrobial resistance","Pseudomonas aeruginosa|Carbapenems","R - resistant isolates, percentage  ","%","2008","LU","Luxembourg",-,""
"Antimicrobial resistance","Pseudomonas aeruginosa|Carbapenems","R - resistant isolates, percentage  ","%","2008","LV","Latvia",-,""
"Antimicrobial resistance","Pseudomonas aeruginosa|Carbapenems","R - resistant isolates, percentage  ","%","2008","MT","Malta",30.000000000,""
"Antimicrobial resistance","Pseudomonas aeruginosa|Carbapenems","R - resistant isolates, percentage  ","%","2008","NL","Netherlands",6.376811590,""
"Antimicrobial resistance","Pseudomonas aeruginosa|Carbapenems","R - resistant isolates, percentage  ","%","2008","NO","Norway",6.849315060,""
"Antimicrobial resistance","Pseudomonas aeruginosa|Carbapenems","R - resistant isolates, percentage  ","%","2008","PL","Poland",13.636363630,""
"Antimicrobial resistance","Pseudomonas aeruginosa|Carbapenems","R - resistant isolates, percentage  ","%","2008","PT","Portugal",17.674418600,""
"Antimicrobial resistance","Pseudomonas aeruginosa|Carbapenems","R - resistant isolates, percentage  ","%","2008","RO","Romania",-,""
"Antimicrobial resistance","Pseudomonas aeruginosa|Carbapenems","R - resistant isolates, percentage  ","%","2008","SE","Sweden",3.942652320,""
"Antimicrobial resistance","Pseudomonas aeruginosa|Carbapenems","R - resistant isolates, percentage  ","%","2008","SI","Slovenia",15.789473680,""
"Antimicrobial resistance","Pseudomonas aeruginosa|Carbapenems","R - resistant isolates, percentage  ","%","2008","UK","United Kingdom",6.374501990,""
"Antimicrobial resistance","Pseudomonas aeruginosa|Carbapenems","R - resistant isolates, percentage  ","%","2009","AT","Austria",8.771929820,""
"Antimicrobial resistance","Pseudomonas aeruginosa|Carbapenems","R - resistant isolates, percentage  ","%","2009","BE","Belgium",8.955223880,""
"Antimicrobial resistance","Pseudomonas aeruginosa|Carbapenems","R - resistant isolates, percentage  ","%","2009","BG","Bulgaria",23.529411760,""
"Antimicrobial resistance","Pseudomonas aeruginosa|Carbapenems","R - resistant isolates, percentage  ","%","2009","CY","Cyprus",8.196721310,""
"Antimicrobial resistance","Pseudomonas aeruginosa|Carbapenems","R - resistant isolates, percentage  ","%","2009","CZ","Czechia",28.869565210,""
"Antimicrobial resistance","Pseudomonas aeruginosa|Carbapenems","R - resistant isolates, percentage  ","%","2009","DE","Germany",10.600706710,""
"Antimicrobial resistance","Pseudomonas aeruginosa|Carbapenems","R - resistant isolates, percentage  ","%","2009","DK","Denmark",2.881844380,""
"Antimicrobial resistance","Pseudomonas aeruginosa|Carbapenems","R - resistant isolates, percentage  ","%","2009","EE","Estonia",17.241379310,""
"Antimicrobial resistance","Pseudomonas aeruginosa|Carbapenems","R - resistant isolates, percentage  ","%","2009","EL","Greece",44.018264840,""
"Antimicrobial resistance","Pseudomonas aeruginosa|Carbapenems","R - resistant isolates, percentage  ","%","2009","ES","Spain",16.111111110,""
"Antimicrobial resistance","Pseudomonas aeruginosa|Carbapenems","R - resistant isolates, percentage  ","%","2009","FI","Finland",7.860262000,""
"Antimicrobial resistance","Pseudomonas aeruginosa|Carbapenems","R - resistant isolates, percentage  ","%","2009","FR","France",17.391304340,""
"Antimicrobial resistance","Pseudomonas aeruginosa|Carbapenems","R - resistant isolates, percentage  ","%","2009","HU","Hungary",26.550387590,""
"Antimicrobial resistance","Pseudomonas aeruginosa|Carbapenems","R - resistant isolates, percentage  ","%","2009","IE","Ireland",8.482142850,""
"Antimicrobial resistance","Pseudomonas aeruginosa|Carbapenems","R - resistant isolates, percentage  ","%","2009","IS","Iceland",-,""
"Antimicrobial resistance","Pseudomonas aeruginosa|Carbapenems","R - resistant isolates, percentage  ","%","2009","IT","Italy",30.851063820,""
"Antimicrobial resistance","Pseudomonas aeruginosa|Carbapenems","R - resistant isolates, percentage  ","%","2009","LT","Lithuania",19.047619040,""
"Antimicrobial resistance","Pseudomonas aeruginosa|Carbapenems","R - resistant isolates, percentage  ","%","2009","LU","Luxembourg",15.151515150,""
"Antimicrobial resistance","Pseudomonas aeruginosa|Carbapenems","R - resistant isolates, percentage  ","%","2009","LV","Latvia",-,""
"Antimicrobial resistance","Pseudomonas aeruginosa|Carbapenems","R - resistant isolates, percentage  ","%","2009","MT","Malta",20.689655170,""
"Antimicrobial resistance","Pseudomonas aeruginosa|Carbapenems","R - resistant isolates, percentage  ","%","2009","NL","Netherlands",2.991452990,""
"Antimicrobial resistance","Pseudomonas aeruginosa|Carbapenems","R - resistant isolates, percentage  ","%","2009","NO","Norway",5.421686740,""
"Antimicrobial resistance","Pseudomonas aeruginosa|Carbapenems","R - resistant isolates, percentage  ","%","2009","PL","Poland",25.352112670,""
"Antimicrobial resistance","Pseudomonas aeruginosa|Carbapenems","R - resistant isolates, percentage  ","%","2009","PT","Portugal",16.346153840,""
"Antimicrobial resistance","Pseudomonas aeruginosa|Carbapenems","R - resistant isolates, percentage  ","%","2009","RO","Romania",-,""
"Antimicrobial resistance","Pseudomonas aeruginosa|Carbapenems","R - resistant isolates, percentage  ","%","2009","SI","Slovenia",14.953271020,""
"Antimicrobial resistance","Pseudomonas aeruginosa|Carbapenems","R - resistant isolates, percentage  ","%","2009","UK","United Kingdom",8.070866140,""
"Antimicrobial resistance","Pseudomonas aeruginosa|Carbapenems","R - resistant isolates, percentage  ","%","2010","AT","Austria",14.376321350,""
"Antimicrobial resistance","Pseudomonas aeruginosa|Carbapenems","R - resistant isolates, percentage  ","%","2010","BE","Belgium",4.615384610,""
"Antimicrobial resistance","Pseudomonas aeruginosa|Carbapenems","R - resistant isolates, percentage  ","%","2010","BG","Bulgaria",30.952380950,""
"Antimicrobial resistance","Pseudomonas aeruginosa|Carbapenems","R - resistant isolates, percentage  ","%","2010","CY","Cyprus",29.166666660,""
"Antimicrobial resistance","Pseudomonas aeruginosa|Carbapenems","R - resistant isolates, percentage  ","%","2010","CZ","Czechia",16.470588230,""
"Antimicrobial resistance","Pseudomonas aeruginosa|Carbapenems","R - resistant isolates, percentage  ","%","2010","DE","Germany",12.540192920,""
"Antimicrobial resistance","Pseudomonas aeruginosa|Carbapenems","R - resistant isolates, percentage  ","%","2010","DK","Denmark",3.089887640,""
"Antimicrobial resistance","Pseudomonas aeruginosa|Carbapenems","R - resistant isolates, percentage  ","%","2010","EE","Estonia",21.428571420,""
"Antimicrobial resistance","Pseudomonas aeruginosa|Carbapenems","R - resistant isolates, percentage  ","%","2010","EL","Greece",43.143143140,""
"Antimicrobial resistance","Pseudomonas aeruginosa|Carbapenems","R - resistant isolates, percentage  ","%","2010","ES","Spain",17.757009340,""
"Antimicrobial resistance","Pseudomonas aeruginosa|Carbapenems","R - resistant isolates, percentage  ","%","2010","FI","Finland",9.818181810,""
"Antimicrobial resistance","Pseudomonas aeruginosa|Carbapenems","R - resistant isolates, percentage  ","%","2010","FR","France",17.790893760,""
"Antimicrobial resistance","Pseudomonas aeruginosa|Carbapenems","R - resistant isolates, percentage  ","%","2010","HR","Croatia",28.571428570,""
"Antimicrobial resistance","Pseudomonas aeruginosa|Carbapenems","R - resistant isolates, percentage  ","%","2010","HU","Hungary",24.881889760,""
"Antimicrobial resistance","Pseudomonas aeruginosa|Carbapenems","R - resistant isolates, percentage  ","%","2010","IE","Ireland",6.481481480,""
"Antimicrobial resistance","Pseudomonas aeruginosa|Carbapenems","R - resistant isolates, percentage  ","%","2010","IS","Iceland",-,""
"Antimicrobial resistance","Pseudomonas aeruginosa|Carbapenems","R - resistant isolates, percentage  ","%","2010","IT","Italy",22.003929270,""
"Antimicrobial resistance","Pseudomonas aeruginosa|Carbapenems","R - resistant isolates, percentage  ","%","2010","LT","Lithuania",26.666666660,""
"Antimicrobial resistance","Pseudomonas aeruginosa|Carbapenems","R - resistant isolates, percentage  ","%","2010","LU","Luxembourg",9.375000000,""
"Antimicrobial resistance","Pseudomonas aeruginosa|Carbapenems","R - resistant isolates, percentage  ","%","2010","LV","Latvia",14.285714280,""
"Antimicrobial resistance","Pseudomonas aeruginosa|Carbapenems","R - resistant isolates, percentage  ","%","2010","MT","Malta",23.809523800,""
"Antimicrobial resistance","Pseudomonas aeruginosa|Carbapenems","R - resistant isolates, percentage  ","%","2010","NL","Netherlands",3.853564540,""
"Antimicrobial resistance","Pseudomonas aeruginosa|Carbapenems","R - resistant isolates, percentage  ","%","2010","NO","Norway",1.190476190,""
"Antimicrobial resistance","Pseudomonas aeruginosa|Carbapenems","R - resistant isolates, percentage  ","%","2010","PL","Poland",24.550898200,""
"Antimicrobial resistance","Pseudomonas aeruginosa|Carbapenems","R - resistant isolates, percentage  ","%","2010","PT","Portugal",16.104868910,""
"Antimicrobial resistance","Pseudomonas aeruginosa|Carbapenems","R - resistant isolates, percentage  ","%","2010","RO","Romania",-,""
"Antimicrobial resistance","Pseudomonas aeruginosa|Carbapenems","R - resistant isolates, percentage  ","%","2010","SE","Sweden",5.524861870,""
"Antimicrobial resistance","Pseudomonas aeruginosa|Carbapenems","R - resistant isolates, percentage  ","%","2010","SI","Slovenia",19.101123590,""
"Antimicrobial resistance","Pseudomonas aeruginosa|Carbapenems","R - resistant isolates, percentage  ","%","2010","UK","United Kingdom",6.490872210,""
"Antimicrobial resistance","Pseudomonas aeruginosa|Carbapenems","R - resistant isolates, percentage  ","%","2011","AT","Austria",13.568773230,""
"Antimicrobial resistance","Pseudomonas aeruginosa|Carbapenems","R - resistant isolates, percentage  ","%","2011","BE","Belgium",10.675381260,""
"Antimicrobial resistance","Pseudomonas aeruginosa|Carbapenems","R - resistant isolates, percentage  ","%","2011","BG","Bulgaria",29.166666660,""
"Antimicrobial resistance","Pseudomonas aeruginosa|Carbapenems","R - resistant isolates, percentage  ","%","2011","CY","Cyprus",43.137254900,""
"Antimicrobial resistance","Pseudomonas aeruginosa|Carbapenems","R - resistant isolates, percentage  ","%","2011","CZ","Czechia",13.169642850,""
"Antimicrobial resistance","Pseudomonas aeruginosa|Carbapenems","R - resistant isolates, percentage  ","%","2011","DE","Germany",9.844559580,""
"Antimicrobial resistance","Pseudomonas aeruginosa|Carbapenems","R - resistant isolates, percentage  ","%","2011","DK","Denmark",5.459057070,""
"Antimicrobial resistance","Pseudomonas aeruginosa|Carbapenems","R - resistant isolates, percentage  ","%","2011","EE","Estonia",-,""
"Antimicrobial resistance","Pseudomonas aeruginosa|Carbapenems","R - resistant isolates, percentage  ","%","2011","EL","Greece",54.000000000,""
"Antimicrobial resistance","Pseudomonas aeruginosa|Carbapenems","R - resistant isolates, percentage  ","%","2011","ES","Spain",16.328963050,""
"Antimicrobial resistance","Pseudomonas aeruginosa|Carbapenems","R - resistant isolates, percentage  ","%","2011","FI","Finland",10.780669140,""
"Antimicrobial resistance","Pseudomonas aeruginosa|Carbapenems","R - resistant isolates, percentage  ","%","2011","FR","France",19.975339080,""
"Antimicrobial resistance","Pseudomonas aeruginosa|Carbapenems","R - resistant isolates, percentage  ","%","2011","HR","Croatia",29.646017690,""
"Antimicrobial resistance","Pseudomonas aeruginosa|Carbapenems","R - resistant isolates, percentage  ","%","2011","HU","Hungary",21.192052980,""
"Antimicrobial resistance","Pseudomonas aeruginosa|Carbapenems","R - resistant isolates, percentage  ","%","2011","IE","Ireland",6.111111110,""
"Antimicrobial resistance","Pseudomonas aeruginosa|Carbapenems","R - resistant isolates, percentage  ","%","2011","IS","Iceland",-,""
"Antimicrobial resistance","Pseudomonas aeruginosa|Carbapenems","R - resistant isolates, percentage  ","%","2011","IT","Italy",20.569620250,""
"Antimicrobial resistance","Pseudomonas aeruginosa|Carbapenems","R - resistant isolates, percentage  ","%","2011","LT","Lithuania",20.000000000,""
"Antimicrobial resistance","Pseudomonas aeruginosa|Carbapenems","R - resistant isolates, percentage  ","%","2011","LU","Luxembourg",15.625000000,""
"Antimicrobial resistance","Pseudomonas aeruginosa|Carbapenems","R - resistant isolates, percentage  ","%","2011","LV","Latvia",-,""
"Antimicrobial resistance","Pseudomonas aeruginosa|Carbapenems","R - resistant isolates, percentage  ","%","2011","MT","Malta",23.809523800,""
"Antimicrobial resistance","Pseudomonas aeruginosa|Carbapenems","R - resistant isolates, percentage  ","%","2011","NL","Netherlands",4.104477610,""
"Antimicrobial resistance","Pseudomonas aeruginosa|Carbapenems","R - resistant isolates, percentage  ","%","2011","NO","Norway",4.054054050,""
"Antimicrobial resistance","Pseudomonas aeruginosa|Carbapenems","R - resistant isolates, percentage  ","%","2011","PL","Poland",24.456521730,""
"Antimicrobial resistance","Pseudomonas aeruginosa|Carbapenems","R - resistant isolates, percentage  ","%","2011","PT","Portugal",19.801980190,""
"Antimicrobial resistance","Pseudomonas aeruginosa|Carbapenems","R - resistant isolates, percentage  ","%","2011","RO","Romania",-,""
"Antimicrobial resistance","Pseudomonas aeruginosa|Carbapenems","R - resistant isolates, percentage  ","%","2011","SE","Sweden",6.987951800,""
"Antimicrobial resistance","Pseudomonas aeruginosa|Carbapenems","R - resistant isolates, percentage  ","%","2011","SI","Slovenia",23.728813550,""
"Antimicrobial resistance","Pseudomonas aeruginosa|Carbapenems","R - resistant isolates, percentage  ","%","2011","SK","Slovakia",30.522088350,""
"Antimicrobial resistance","Pseudomonas aeruginosa|Carbapenems","R - resistant isolates, percentage  ","%","2011","UK","United Kingdom",5.555555550,""
"Antimicrobial resistance","Pseudomonas aeruginosa|Carbapenems","R - resistant isolates, percentage  ","%","2012","AT","Austria",14.590747330,""
"Antimicrobial resistance","Pseudomonas aeruginosa|Carbapenems","R - resistant isolates, percentage  ","%","2012","BE","Belgium",9.718670070,""
"Antimicrobial resistance","Pseudomonas aeruginosa|Carbapenems","R - resistant isolates, percentage  ","%","2012","BG","Bulgaria",31.372549010,""
"Antimicrobial resistance","Pseudomonas aeruginosa|Carbapenems","R - resistant isolates, percentage  ","%","2012","CY","Cyprus",19.230769230,""
"Antimicrobial resistance","Pseudomonas aeruginosa|Carbapenems","R - resistant isolates, percentage  ","%","2012","CZ","Czechia",15.132924330,""
"Antimicrobial resistance","Pseudomonas aeruginosa|Carbapenems","R - resistant isolates, percentage  ","%","2012","DE","Germany",10.730593600,""
"Antimicrobial resistance","Pseudomonas aeruginosa|Carbapenems","R - resistant isolates, percentage  ","%","2012","DK","Denmark",3.661971830,""
"Antimicrobial resistance","Pseudomonas aeruginosa|Carbapenems","R - resistant isolates, percentage  ","%","2012","EE","Estonia",12.500000000,""
"Antimicrobial resistance","Pseudomonas aeruginosa|Carbapenems","R - resistant isolates, percentage  ","%","2012","EL","Greece",47.739801540,""
"Antimicrobial resistance","Pseudomonas aeruginosa|Carbapenems","R - resistant isolates, percentage  ","%","2012","ES","Spain",16.412661190,""
"Antimicrobial resistance","Pseudomonas aeruginosa|Carbapenems","R - resistant isolates, percentage  ","%","2012","FI","Finland",6.422018340,""
"Antimicrobial resistance","Pseudomonas aeruginosa|Carbapenems","R - resistant isolates, percentage  ","%","2012","FR","France",18.002322880,""
"Antimicrobial resistance","Pseudomonas aeruginosa|Carbapenems","R - resistant isolates, percentage  ","%","2012","HR","Croatia",29.230769230,""
"Antimicrobial resistance","Pseudomonas aeruginosa|Carbapenems","R - resistant isolates, percentage  ","%","2012","HU","Hungary",27.463651050,""
"Antimicrobial resistance","Pseudomonas aeruginosa|Carbapenems","R - resistant isolates, percentage  ","%","2012","IE","Ireland",11.267605630,""
"Antimicrobial resistance","Pseudomonas aeruginosa|Carbapenems","R - resistant isolates, percentage  ","%","2012","IS","Iceland",-,""
"Antimicrobial resistance","Pseudomonas aeruginosa|Carbapenems","R - resistant isolates, percentage  ","%","2012","IT","Italy",25.073313780,""
"Antimicrobial resistance","Pseudomonas aeruginosa|Carbapenems","R - resistant isolates, percentage  ","%","2012","LT","Lithuania",17.857142850,""
"Antimicrobial resistance","Pseudomonas aeruginosa|Carbapenems","R - resistant isolates, percentage  ","%","2012","LU","Luxembourg",6.451612900,""
"Antimicrobial resistance","Pseudomonas aeruginosa|Carbapenems","R - resistant isolates, percentage  ","%","2012","LV","Latvia",-,""
"Antimicrobial resistance","Pseudomonas aeruginosa|Carbapenems","R - resistant isolates, percentage  ","%","2012","MT","Malta",3.333333330,""
"Antimicrobial resistance","Pseudomonas aeruginosa|Carbapenems","R - resistant isolates, percentage  ","%","2012","NL","Netherlands",2.540834840,""
"Antimicrobial resistance","Pseudomonas aeruginosa|Carbapenems","R - resistant isolates, percentage  ","%","2012","NO","Norway",6.730769230,""
"Antimicrobial resistance","Pseudomonas aeruginosa|Carbapenems","R - resistant isolates, percentage  ","%","2012","PL","Poland",22.674418600,""
"Antimicrobial resistance","Pseudomonas aeruginosa|Carbapenems","R - resistant isolates, percentage  ","%","2012","PT","Portugal",20.422535210,""
"Antimicrobial resistance","Pseudomonas aeruginosa|Carbapenems","R - resistant isolates, percentage  ","%","2012","RO","Romania",57.777777770,""
"Antimicrobial resistance","Pseudomonas aeruginosa|Carbapenems","R - resistant isolates, percentage  ","%","2012","SE","Sweden",5.882352940,""
"Antimicrobial resistance","Pseudomonas aeruginosa|Carbapenems","R - resistant isolates, percentage  ","%","2012","SI","Slovenia",21.641791040,""
"Antimicrobial resistance","Pseudomonas aeruginosa|Carbapenems","R - resistant isolates, percentage  ","%","2012","SK","Slovakia",40.782122900,""
"Antimicrobial resistance","Pseudomonas aeruginosa|Carbapenems","R - resistant isolates, percentage  ","%","2012","UK","United Kingdom",6.301824210,""
"Antimicrobial resistance","Pseudomonas aeruginosa|Carbapenems","R - resistant isolates, percentage  ","%","2013","AT","Austria",12.337662330,""
"Antimicrobial resistance","Pseudomonas aeruginosa|Carbapenems","R - resistant isolates, percentage  ","%","2013","BE","Belgium",11.003861000,""
"Antimicrobial resistance","Pseudomonas aeruginosa|Carbapenems","R - resistant isolates, percentage  ","%","2013","BG","Bulgaria",13.559322030,""
"Antimicrobial resistance","Pseudomonas aeruginosa|Carbapenems","R - resistant isolates, percentage  ","%","2013","CY","Cyprus",19.148936170,""
"Antimicrobial resistance","Pseudomonas aeruginosa|Carbapenems","R - resistant isolates, percentage  ","%","2013","CZ","Czechia",15.697674410,""
"Antimicrobial resistance","Pseudomonas aeruginosa|Carbapenems","R - resistant isolates, percentage  ","%","2013","DE","Germany",15.396825390,""
"Antimicrobial resistance","Pseudomonas aeruginosa|Carbapenems","R - resistant isolates, percentage  ","%","2013","DK","Denmark",2.926829260,""
"Antimicrobial resistance","Pseudomonas aeruginosa|Carbapenems","R - resistant isolates, percentage  ","%","2013","EE","Estonia",10.000000000,""
"Antimicrobial resistance","Pseudomonas aeruginosa|Carbapenems","R - resistant isolates, percentage  ","%","2013","EL","Greece",49.258836940,""
"Antimicrobial resistance","Pseudomonas aeruginosa|Carbapenems","R - resistant isolates, percentage  ","%","2013","ES","Spain",17.575757570,""
"Antimicrobial resistance","Pseudomonas aeruginosa|Carbapenems","R - resistant isolates, percentage  ","%","2013","FI","Finland",10.397553510,""
"Antimicrobial resistance","Pseudomonas aeruginosa|Carbapenems","R - resistant isolates, percentage  ","%","2013","FR","France",17.185821690,""
"Antimicrobial resistance","Pseudomonas aeruginosa|Carbapenems","R - resistant isolates, percentage  ","%","2013","HR","Croatia",25.311203310,""
"Antimicrobial resistance","Pseudomonas aeruginosa|Carbapenems","R - resistant isolates, percentage  ","%","2013","HU","Hungary",30.239520950,""
"Antimicrobial resistance","Pseudomonas aeruginosa|Carbapenems","R - resistant isolates, percentage  ","%","2013","IE","Ireland",9.313725490,""
"Antimicrobial resistance","Pseudomonas aeruginosa|Carbapenems","R - resistant isolates, percentage  ","%","2013","IS","Iceland",-,""
"Antimicrobial resistance","Pseudomonas aeruginosa|Carbapenems","R - resistant isolates, percentage  ","%","2013","IT","Italy",25.888324870,""
"Antimicrobial resistance","Pseudomonas aeruginosa|Carbapenems","R - resistant isolates, percentage  ","%","2013","LT","Lithuania",18.918918910,""
"Antimicrobial resistance","Pseudomonas aeruginosa|Carbapenems","R - resistant isolates, percentage  ","%","2013","LU","Luxembourg",17.647058820,""
"Antimicrobial resistance","Pseudomonas aeruginosa|Carbapenems","R - resistant isolates, percentage  ","%","2013","LV","Latvia",28.000000000,""
"Antimicrobial resistance","Pseudomonas aeruginosa|Carbapenems","R - resistant isolates, percentage  ","%","2013","MT","Malta",16.000000000,""
"Antimicrobial resistance","Pseudomonas aeruginosa|Carbapenems","R - resistant isolates, percentage  ","%","2013","NL","Netherlands",3.911564620,""
"Antimicrobial resistance","Pseudomonas aeruginosa|Carbapenems","R - resistant isolates, percentage  ","%","2013","NO","Norway",5.825242710,""
"Antimicrobial resistance","Pseudomonas aeruginosa|Carbapenems","R - resistant isolates, percentage  ","%","2013","PL","Poland",32.275132270,""
"Antimicrobial resistance","Pseudomonas aeruginosa|Carbapenems","R - resistant isolates, percentage  ","%","2013","PT","Portugal",20.600272850,""
"Antimicrobial resistance","Pseudomonas aeruginosa|Carbapenems","R - resistant isolates, percentage  ","%","2013","RO","Romania",60.465116270,""
"Antimicrobial resistance","Pseudomonas aeruginosa|Carbapenems","R - resistant isolates, percentage  ","%","2013","SE","Sweden",7.156673110,""
"Antimicrobial resistance","Pseudomonas aeruginosa|Carbapenems","R - resistant isolates, percentage  ","%","2013","SI","Slovenia",25.563909770,""
"Antimicrobial resistance","Pseudomonas aeruginosa|Carbapenems","R - resistant isolates, percentage  ","%","2013","SK","Slovakia",58.878504670,""
"Antimicrobial resistance","Pseudomonas aeruginosa|Carbapenems","R - resistant isolates, percentage  ","%","2013","UK","United Kingdom",5.216095380,""
"Antimicrobial resistance","Pseudomonas aeruginosa|Carbapenems","R - resistant isolates, percentage  ","%","2014","AT","Austria",12.735849050,""
"Antimicrobial resistance","Pseudomonas aeruginosa|Carbapenems","R - resistant isolates, percentage  ","%","2014","BE","Belgium",10.174418600,""
"Antimicrobial resistance","Pseudomonas aeruginosa|Carbapenems","R - resistant isolates, percentage  ","%","2014","BG","Bulgaria",29.166666660,""
"Antimicrobial resistance","Pseudomonas aeruginosa|Carbapenems","R - resistant isolates, percentage  ","%","2014","CY","Cyprus",33.333333330,""
"Antimicrobial resistance","Pseudomonas aeruginosa|Carbapenems","R - resistant isolates, percentage  ","%","2014","CZ","Czechia",14.062500000,""
"Antimicrobial resistance","Pseudomonas aeruginosa|Carbapenems","R - resistant isolates, percentage  ","%","2014","DE","Germany",16.978193140,""
"Antimicrobial resistance","Pseudomonas aeruginosa|Carbapenems","R - resistant isolates, percentage  ","%","2014","DK","Denmark",4.663212430,""
"Antimicrobial resistance","Pseudomonas aeruginosa|Carbapenems","R - resistant isolates, percentage  ","%","2014","EE","Estonia",15.384615380,""
"Antimicrobial resistance","Pseudomonas aeruginosa|Carbapenems","R - resistant isolates, percentage  ","%","2014","EL","Greece",42.918454930,""
"Antimicrobial resistance","Pseudomonas aeruginosa|Carbapenems","R - resistant isolates, percentage  ","%","2014","ES","Spain",18.463302750,""
"Antimicrobial resistance","Pseudomonas aeruginosa|Carbapenems","R - resistant isolates, percentage  ","%","2014","FI","Finland",7.166123770,""
"Antimicrobial resistance","Pseudomonas aeruginosa|Carbapenems","R - resistant isolates, percentage  ","%","2014","FR","France",18.707865160,""
"Antimicrobial resistance","Pseudomonas aeruginosa|Carbapenems","R - resistant isolates, percentage  ","%","2014","HR","Croatia",35.344827580,""
"Antimicrobial resistance","Pseudomonas aeruginosa|Carbapenems","R - resistant isolates, percentage  ","%","2014","HU","Hungary",33.467741930,""
"Antimicrobial resistance","Pseudomonas aeruginosa|Carbapenems","R - resistant isolates, percentage  ","%","2014","IE","Ireland",8.474576270,""
"Antimicrobial resistance","Pseudomonas aeruginosa|Carbapenems","R - resistant isolates, percentage  ","%","2014","IS","Iceland",-,""
"Antimicrobial resistance","Pseudomonas aeruginosa|Carbapenems","R - resistant isolates, percentage  ","%","2014","IT","Italy",25.099601590,""
"Antimicrobial resistance","Pseudomonas aeruginosa|Carbapenems","R - resistant isolates, percentage  ","%","2014","LT","Lithuania",29.032258060,""
"Antimicrobial resistance","Pseudomonas aeruginosa|Carbapenems","R - resistant isolates, percentage  ","%","2014","LU","Luxembourg",4.761904760,""
"Antimicrobial resistance","Pseudomonas aeruginosa|Carbapenems","R - resistant isolates, percentage  ","%","2014","LV","Latvia",-,""
"Antimicrobial resistance","Pseudomonas aeruginosa|Carbapenems","R - resistant isolates, percentage  ","%","2014","MT","Malta",13.888888880,""
"Antimicrobial resistance","Pseudomonas aeruginosa|Carbapenems","R - resistant isolates, percentage  ","%","2014","NL","Netherlands",4.418262150,""
"Antimicrobial resistance","Pseudomonas aeruginosa|Carbapenems","R - resistant isolates, percentage  ","%","2014","NO","Norway",5.859375000,""
"Antimicrobial resistance","Pseudomonas aeruginosa|Carbapenems","R - resistant isolates, percentage  ","%","2014","PL","Poland",27.567567560,""
"Antimicrobial resistance","Pseudomonas aeruginosa|Carbapenems","R - resistant isolates, percentage  ","%","2014","PT","Portugal",22.462406010,""
"Antimicrobial resistance","Pseudomonas aeruginosa|Carbapenems","R - resistant isolates, percentage  ","%","2014","RO","Romania",58.510638290,""
"Antimicrobial resistance","Pseudomonas aeruginosa|Carbapenems","R - resistant isolates, percentage  ","%","2014","SE","Sweden",7.107843130,""
"Antimicrobial resistance","Pseudomonas aeruginosa|Carbapenems","R - resistant isolates, percentage  ","%","2014","SI","Slovenia",31.250000000,""
"Antimicrobial resistance","Pseudomonas aeruginosa|Carbapenems","R - resistant isolates, percentage  ","%","2014","SK","Slovakia",38.400000000,""
"Antimicrobial resistance","Pseudomonas aeruginosa|Carbapenems","R - resistant isolates, percentage  ","%","2014","UK","United Kingdom",6.271186440,""
"Antimicrobial resistance","Pseudomonas aeruginosa|Carbapenems","R - resistant isolates, percentage  ","%","2015","AT","Austria",12.205882350,""
"Antimicrobial resistance","Pseudomonas aeruginosa|Carbapenems","R - resistant isolates, percentage  ","%","2015","BE","Belgium",3.906250000,""
"Antimicrobial resistance","Pseudomonas aeruginosa|Carbapenems","R - resistant isolates, percentage  ","%","2015","BG","Bulgaria",25.454545450,""
"Antimicrobial resistance","Pseudomonas aeruginosa|Carbapenems","R - resistant isolates, percentage  ","%","2015","CY","Cyprus",20.930232550,""
"Antimicrobial resistance","Pseudomonas aeruginosa|Carbapenems","R - resistant isolates, percentage  ","%","2015","CZ","Czechia",10.560344820,""
"Antimicrobial resistance","Pseudomonas aeruginosa|Carbapenems","R - resistant isolates, percentage  ","%","2015","DE","Germany",14.727085470,""
"Antimicrobial resistance","Pseudomonas aeruginosa|Carbapenems","R - resistant isolates, percentage  ","%","2015","DK","Denmark",4.576659030,""
"Antimicrobial resistance","Pseudomonas aeruginosa|Carbapenems","R - resistant isolates, percentage  ","%","2015","EE","Estonia",-,""
"Antimicrobial resistance","Pseudomonas aeruginosa|Carbapenems","R - resistant isolates, percentage  ","%","2015","EL","Greece",40.444444440,""
"Antimicrobial resistance","Pseudomonas aeruginosa|Carbapenems","R - resistant isolates, percentage  ","%","2015","ES","Spain",22.706422010,""
"Antimicrobial resistance","Pseudomonas aeruginosa|Carbapenems","R - resistant isolates, percentage  ","%","2015","FI","Finland",4.692082110,""
"Antimicrobial resistance","Pseudomonas aeruginosa|Carbapenems","R - resistant isolates, percentage  ","%","2015","FR","France",16.415584410,""
"Antimicrobial resistance","Pseudomonas aeruginosa|Carbapenems","R - resistant isolates, percentage  ","%","2015","HR","Croatia",38.521400770,""
"Antimicrobial resistance","Pseudomonas aeruginosa|Carbapenems","R - resistant isolates, percentage  ","%","2015","HU","Hungary",35.844155840,""
"Antimicrobial resistance","Pseudomonas aeruginosa|Carbapenems","R - resistant isolates, percentage  ","%","2015","IE","Ireland",9.230769230,""
"Antimicrobial resistance","Pseudomonas aeruginosa|Carbapenems","R - resistant isolates, percentage  ","%","2015","IS","Iceland",-,""
"Antimicrobial resistance","Pseudomonas aeruginosa|Carbapenems","R - resistant isolates, percentage  ","%","2015","IT","Italy",23.012939000,""
"Antimicrobial resistance","Pseudomonas aeruginosa|Carbapenems","R - resistant isolates, percentage  ","%","2015","LT","Lithuania",26.829268290,""
"Antimicrobial resistance","Pseudomonas aeruginosa|Carbapenems","R - resistant isolates, percentage  ","%","2015","LU","Luxembourg",8.333333330,""
"Antimicrobial resistance","Pseudomonas aeruginosa|Carbapenems","R - resistant isolates, percentage  ","%","2015","LV","Latvia",-,""
"Antimicrobial resistance","Pseudomonas aeruginosa|Carbapenems","R - resistant isolates, percentage  ","%","2015","MT","Malta",16.000000000,""
"Antimicrobial resistance","Pseudomonas aeruginosa|Carbapenems","R - resistant isolates, percentage  ","%","2015","NL","Netherlands",3.697749190,""
"Antimicrobial resistance","Pseudomonas aeruginosa|Carbapenems","R - resistant isolates, percentage  ","%","2015","NO","Norway",5.701754380,""
"Antimicrobial resistance","Pseudomonas aeruginosa|Carbapenems","R - resistant isolates, percentage  ","%","2015","PL","Poland",37.007874010,""
"Antimicrobial resistance","Pseudomonas aeruginosa|Carbapenems","R - resistant isolates, percentage  ","%","2015","PT","Portugal",19.815281270,""
"Antimicrobial resistance","Pseudomonas aeruginosa|Carbapenems","R - resistant isolates, percentage  ","%","2015","RO","Romania",66.304347820,""
"Antimicrobial resistance","Pseudomonas aeruginosa|Carbapenems","R - resistant isolates, percentage  ","%","2015","SE","Sweden",6.532663310,""
"Antimicrobial resistance","Pseudomonas aeruginosa|Carbapenems","R - resistant isolates, percentage  ","%","2015","SI","Slovenia",15.602836870,""
"Antimicrobial resistance","Pseudomonas aeruginosa|Carbapenems","R - resistant isolates, percentage  ","%","2015","SK","Slovakia",51.908396940,""
"Antimicrobial resistance","Pseudomonas aeruginosa|Carbapenems","R - resistant isolates, percentage  ","%","2015","UK","United Kingdom",2.404809610,""
"Antimicrobial resistance","Pseudomonas aeruginosa|Carbapenems","R - resistant isolates, percentage  ","%","2016","AT","Austria",12.931034480,""
"Antimicrobial resistance","Pseudomonas aeruginosa|Carbapenems","R - resistant isolates, percentage  ","%","2016","BE","Belgium",9.589041090,""
"Antimicrobial resistance","Pseudomonas aeruginosa|Carbapenems","R - resistant isolates, percentage  ","%","2016","BG","Bulgaria",30.357142850,""
"Antimicrobial resistance","Pseudomonas aeruginosa|Carbapenems","R - resistant isolates, percentage  ","%","2016","CY","Cyprus",18.750000000,""
"Antimicrobial resistance","Pseudomonas aeruginosa|Carbapenems","R - resistant isolates, percentage  ","%","2016","CZ","Czechia",8.836206890,""
"Antimicrobial resistance","Pseudomonas aeruginosa|Carbapenems","R - resistant isolates, percentage  ","%","2016","DE","Germany",14.486638530,""
"Antimicrobial resistance","Pseudomonas aeruginosa|Carbapenems","R - resistant isolates, percentage  ","%","2016","DK","Denmark",2.401746720,""
"Antimicrobial resistance","Pseudomonas aeruginosa|Carbapenems","R - resistant isolates, percentage  ","%","2016","EE","Estonia",20.370370370,""
"Antimicrobial resistance","Pseudomonas aeruginosa|Carbapenems","R - resistant isolates, percentage  ","%","2016","EL","Greece",42.060085830,""
"Antimicrobial resistance","Pseudomonas aeruginosa|Carbapenems","R - resistant isolates, percentage  ","%","2016","ES","Spain",21.377672200,""
"Antimicrobial resistance","Pseudomonas aeruginosa|Carbapenems","R - resistant isolates, percentage  ","%","2016","FI","Finland",5.965909090,""
"Antimicrobial resistance","Pseudomonas aeruginosa|Carbapenems","R - resistant isolates, percentage  ","%","2016","FR","France",15.599593490,""
"Antimicrobial resistance","Pseudomonas aeruginosa|Carbapenems","R - resistant isolates, percentage  ","%","2016","HR","Croatia",42.307692300,""
"Antimicrobial resistance","Pseudomonas aeruginosa|Carbapenems","R - resistant isolates, percentage  ","%","2016","HU","Hungary",33.288227330,""
"Antimicrobial resistance","Pseudomonas aeruginosa|Carbapenems","R - resistant isolates, percentage  ","%","2016","IE","Ireland",6.172839500,""
"Antimicrobial resistance","Pseudomonas aeruginosa|Carbapenems","R - resistant isolates, percentage  ","%","2016","IS","Iceland",-,""
"Antimicrobial resistance","Pseudomonas aeruginosa|Carbapenems","R - resistant isolates, percentage  ","%","2016","IT","Italy",23.466003310,""
"Antimicrobial resistance","Pseudomonas aeruginosa|Carbapenems","R - resistant isolates, percentage  ","%","2016","LT","Lithuania",16.216216210,""
"Antimicrobial resistance","Pseudomonas aeruginosa|Carbapenems","R - resistant isolates, percentage  ","%","2016","LU","Luxembourg",6.451612900,""
"Antimicrobial resistance","Pseudomonas aeruginosa|Carbapenems","R - resistant isolates, percentage  ","%","2016","LV","Latvia",-,""
"Antimicrobial resistance","Pseudomonas aeruginosa|Carbapenems","R - resistant isolates, percentage  ","%","2016","MT","Malta",12.500000000,""
"Antimicrobial resistance","Pseudomonas aeruginosa|Carbapenems","R - resistant isolates, percentage  ","%","2016","NL","Netherlands",4.393939390,""
"Antimicrobial resistance","Pseudomonas aeruginosa|Carbapenems","R - resistant isolates, percentage  ","%","2016","NO","Norway",6.666666660,""
"Antimicrobial resistance","Pseudomonas aeruginosa|Carbapenems","R - resistant isolates, percentage  ","%","2016","PL","Poland",26.196473550,""
"Antimicrobial resistance","Pseudomonas aeruginosa|Carbapenems","R - resistant isolates, percentage  ","%","2016","PT","Portugal",19.152404230,""
"Antimicrobial resistance","Pseudomonas aeruginosa|Carbapenems","R - resistant isolates, percentage  ","%","2016","RO","Romania",51.612903220,""
"Antimicrobial resistance","Pseudomonas aeruginosa|Carbapenems","R - resistant isolates, percentage  ","%","2016","SE","Sweden",11.016949150,""
"Antimicrobial resistance","Pseudomonas aeruginosa|Carbapenems","R - resistant isolates, percentage  ","%","2016","SI","Slovenia",19.580419580,""
"Antimicrobial resistance","Pseudomonas aeruginosa|Carbapenems","R - resistant isolates, percentage  ","%","2016","SK","Slovakia",42.307692300,""
"Antimicrobial resistance","Pseudomonas aeruginosa|Carbapenems","R - resistant isolates, percentage  ","%","2016","UK","United Kingdom",5.123339650,""
"Antimicrobial resistance","Pseudomonas aeruginosa|Carbapenems","R - resistant isolates, percentage  ","%","2017","AT","Austria",13.931034480,""
"Antimicrobial resistance","Pseudomonas aeruginosa|Carbapenems","R - resistant isolates, percentage  ","%","2017","BE","Belgium",8.227848100,""
"Antimicrobial resistance","Pseudomonas aeruginosa|Carbapenems","R - resistant isolates, percentage  ","%","2017","BG","Bulgaria",25.352112670,""
"Antimicrobial resistance","Pseudomonas aeruginosa|Carbapenems","R - resistant isolates, percentage  ","%","2017","CY","Cyprus",16.981132070,""
"Antimicrobial resistance","Pseudomonas aeruginosa|Carbapenems","R - resistant isolates, percentage  ","%","2017","CZ","Czechia",14.841849140,""
"Antimicrobial resistance","Pseudomonas aeruginosa|Carbapenems","R - resistant isolates, percentage  ","%","2017","DE","Germany",12.579281180,""
"Antimicrobial resistance","Pseudomonas aeruginosa|Carbapenems","R - resistant isolates, percentage  ","%","2017","DK","Denmark",2.479338840,""
"Antimicrobial resistance","Pseudomonas aeruginosa|Carbapenems","R - resistant isolates, percentage  ","%","2017","EE","Estonia",9.090909090,""
"Antimicrobial resistance","Pseudomonas aeruginosa|Carbapenems","R - resistant isolates, percentage  ","%","2017","EL","Greece",39.342265520,""
"Antimicrobial resistance","Pseudomonas aeruginosa|Carbapenems","R - resistant isolates, percentage  ","%","2017","ES","Spain",18.350754930,""
"Antimicrobial resistance","Pseudomonas aeruginosa|Carbapenems","R - resistant isolates, percentage  ","%","2017","FI","Finland",6.100795750,""
"Antimicrobial resistance","Pseudomonas aeruginosa|Carbapenems","R - resistant isolates, percentage  ","%","2017","FR","France",13.918128650,""
"Antimicrobial resistance","Pseudomonas aeruginosa|Carbapenems","R - resistant isolates, percentage  ","%","2017","HR","Croatia",30.672268900,""
"Antimicrobial resistance","Pseudomonas aeruginosa|Carbapenems","R - resistant isolates, percentage  ","%","2017","HU","Hungary",36.562073660,""
"Antimicrobial resistance","Pseudomonas aeruginosa|Carbapenems","R - resistant isolates, percentage  ","%","2017","IE","Ireland",9.027777770,""
"Antimicrobial resistance","Pseudomonas aeruginosa|Carbapenems","R - resistant isolates, percentage  ","%","2017","IS","Iceland",-,""
"Antimicrobial resistance","Pseudomonas aeruginosa|Carbapenems","R - resistant isolates, percentage  ","%","2017","IT","Italy",19.874476980,""
"Antimicrobial resistance","Pseudomonas aeruginosa|Carbapenems","R - resistant isolates, percentage  ","%","2017","LT","Lithuania",24.719101120,""
"Antimicrobial resistance","Pseudomonas aeruginosa|Carbapenems","R - resistant isolates, percentage  ","%","2017","LU","Luxembourg",10.714285710,""
"Antimicrobial resistance","Pseudomonas aeruginosa|Carbapenems","R - resistant isolates, percentage  ","%","2017","LV","Latvia",-,""
"Antimicrobial resistance","Pseudomonas aeruginosa|Carbapenems","R - resistant isolates, percentage  ","%","2017","MT","Malta",10.810810810,""
"Antimicrobial resistance","Pseudomonas aeruginosa|Carbapenems","R - resistant isolates, percentage  ","%","2017","NL","Netherlands",4.483695650,""
"Antimicrobial resistance","Pseudomonas aeruginosa|Carbapenems","R - resistant isolates, percentage  ","%","2017","NO","Norway",3.414634140,""
"Antimicrobial resistance","Pseudomonas aeruginosa|Carbapenems","R - resistant isolates, percentage  ","%","2017","PL","Poland",24.173027980,""
"Antimicrobial resistance","Pseudomonas aeruginosa|Carbapenems","R - resistant isolates, percentage  ","%","2017","PT","Portugal",18.271604930,""
"Antimicrobial resistance","Pseudomonas aeruginosa|Carbapenems","R - resistant isolates, percentage  ","%","2017","RO","Romania",63.358778620,""
"Antimicrobial resistance","Pseudomonas aeruginosa|Carbapenems","R - resistant isolates, percentage  ","%","2017","SE","Sweden",8.968609860,""
"Antimicrobial resistance","Pseudomonas aeruginosa|Carbapenems","R - resistant isolates, percentage  ","%","2017","SI","Slovenia",17.391304340,""
"Antimicrobial resistance","Pseudomonas aeruginosa|Carbapenems","R - resistant isolates, percentage  ","%","2017","SK","Slovakia",47.029702970,""
"Antimicrobial resistance","Pseudomonas aeruginosa|Carbapenems","R - resistant isolates, percentage  ","%","2017","UK","United Kingdom",5.706134090,""
"Antimicrobial resistance","Pseudomonas aeruginosa|Carbapenems","R - resistant isolates, percentage  ","%","2018","AT","Austria",12.771739130,""
"Antimicrobial resistance","Pseudomonas aeruginosa|Carbapenems","R - resistant isolates, percentage  ","%","2018","BE","Belgium",7.392197120,""
"Antimicrobial resistance","Pseudomonas aeruginosa|Carbapenems","R - resistant isolates, percentage  ","%","2018","BG","Bulgaria",25.555555550,""
"Antimicrobial resistance","Pseudomonas aeruginosa|Carbapenems","R - resistant isolates, percentage  ","%","2018","CY","Cyprus",12.727272720,""
"Antimicrobial resistance","Pseudomonas aeruginosa|Carbapenems","R - resistant isolates, percentage  ","%","2018","CZ","Czechia",17.996289420,""
"Antimicrobial resistance","Pseudomonas aeruginosa|Carbapenems","R - resistant isolates, percentage  ","%","2018","DE","Germany",12.067039100,""
"Antimicrobial resistance","Pseudomonas aeruginosa|Carbapenems","R - resistant isolates, percentage  ","%","2018","DK","Denmark",5.213270140,""
"Antimicrobial resistance","Pseudomonas aeruginosa|Carbapenems","R - resistant isolates, percentage  ","%","2018","EE","Estonia",16.666666660,""
"Antimicrobial resistance","Pseudomonas aeruginosa|Carbapenems","R - resistant isolates, percentage  ","%","2018","EL","Greece",37.500000000,""
"Antimicrobial resistance","Pseudomonas aeruginosa|Carbapenems","R - resistant isolates, percentage  ","%","2018","ES","Spain",18.571428570,""
"Antimicrobial resistance","Pseudomonas aeruginosa|Carbapenems","R - resistant isolates, percentage  ","%","2018","FI","Finland",4.859335030,""
"Antimicrobial resistance","Pseudomonas aeruginosa|Carbapenems","R - resistant isolates, percentage  ","%","2018","FR","France",15.981012650,""
"Antimicrobial resistance","Pseudomonas aeruginosa|Carbapenems","R - resistant isolates, percentage  ","%","2018","HR","Croatia",27.638190950,""
"Antimicrobial resistance","Pseudomonas aeruginosa|Carbapenems","R - resistant isolates, percentage  ","%","2018","HU","Hungary",37.298636920,""
"Antimicrobial resistance","Pseudomonas aeruginosa|Carbapenems","R - resistant isolates, percentage  ","%","2018","IE","Ireland",6.593406590,""
"Antimicrobial resistance","Pseudomonas aeruginosa|Carbapenems","R - resistant isolates, percentage  ","%","2018","IS","Iceland",-,""
"Antimicrobial resistance","Pseudomonas aeruginosa|Carbapenems","R - resistant isolates, percentage  ","%","2018","IT","Italy",15.792966150,""
"Antimicrobial resistance","Pseudomonas aeruginosa|Carbapenems","R - resistant isolates, percentage  ","%","2018","LT","Lithuania",21.782178210,""
"Antimicrobial resistance","Pseudomonas aeruginosa|Carbapenems","R - resistant isolates, percentage  ","%","2018","LU","Luxembourg",11.111111110,""
"Antimicrobial resistance","Pseudomonas aeruginosa|Carbapenems","R - resistant isolates, percentage  ","%","2018","LV","Latvia",28.205128200,""
"Antimicrobial resistance","Pseudomonas aeruginosa|Carbapenems","R - resistant isolates, percentage  ","%","2018","MT","Malta",3.448275860,""
"Antimicrobial resistance","Pseudomonas aeruginosa|Carbapenems","R - resistant isolates, percentage  ","%","2018","NL","Netherlands",5.093167700,""
"Antimicrobial resistance","Pseudomonas aeruginosa|Carbapenems","R - resistant isolates, percentage  ","%","2018","NO","Norway",4.800000000,""
"Antimicrobial resistance","Pseudomonas aeruginosa|Carbapenems","R - resistant isolates, percentage  ","%","2018","PL","Poland",33.155080210,""
"Antimicrobial resistance","Pseudomonas aeruginosa|Carbapenems","R - resistant isolates, percentage  ","%","2018","PT","Portugal",15.703971110,""
"Antimicrobial resistance","Pseudomonas aeruginosa|Carbapenems","R - resistant isolates, percentage  ","%","2018","RO","Romania",55.128205120,""
"Antimicrobial resistance","Pseudomonas aeruginosa|Carbapenems","R - resistant isolates, percentage  ","%","2018","SE","Sweden",4.368932030,""
"Antimicrobial resistance","Pseudomonas aeruginosa|Carbapenems","R - resistant isolates, percentage  ","%","2018","SI","Slovenia",14.942528730,""
"Antimicrobial resistance","Pseudomonas aeruginosa|Carbapenems","R - resistant isolates, percentage  ","%","2018","SK","Slovakia",43.951612900,""
"Antimicrobial resistance","Pseudomonas aeruginosa|Carbapenems","R - resistant isolates, percentage  ","%","2018","UK","United Kingdom",5.967976710,""
"Antimicrobial resistance","Pseudomonas aeruginosa|Carbapenems","R - resistant isolates, percentage  ","%","2019","AT","Austria",13.358778620,""
"Antimicrobial resistance","Pseudomonas aeruginosa|Carbapenems","R - resistant isolates, percentage  ","%","2019","BE","Belgium",10.681818180,""
"Antimicrobial resistance","Pseudomonas aeruginosa|Carbapenems","R - resistant isolates, percentage  ","%","2019","BG","Bulgaria",25.233644850,""
"Antimicrobial resistance","Pseudomonas aeruginosa|Carbapenems","R - resistant isolates, percentage  ","%","2019","CY","Cyprus",21.212121210,""
"Antimicrobial resistance","Pseudomonas aeruginosa|Carbapenems","R - resistant isolates, percentage  ","%","2019","CZ","Czechia",14.453781510,""
"Antimicrobial resistance","Pseudomonas aeruginosa|Carbapenems","R - resistant isolates, percentage  ","%","2019","DE","Germany",12.855787470,""
"Antimicrobial resistance","Pseudomonas aeruginosa|Carbapenems","R - resistant isolates, percentage  ","%","2019","DK","Denmark",3.258655800,""
"Antimicrobial resistance","Pseudomonas aeruginosa|Carbapenems","R - resistant isolates, percentage  ","%","2019","EE","Estonia",5.797101440,""
"Antimicrobial resistance","Pseudomonas aeruginosa|Carbapenems","R - resistant isolates, percentage  ","%","2019","EL","Greece",48.936170210,""
"Antimicrobial resistance","Pseudomonas aeruginosa|Carbapenems","R - resistant isolates, percentage  ","%","2019","ES","Spain",21.770551030,""
"Antimicrobial resistance","Pseudomonas aeruginosa|Carbapenems","R - resistant isolates, percentage  ","%","2019","FI","Finland",6.277056270,""
"Antimicrobial resistance","Pseudomonas aeruginosa|Carbapenems","R - resistant isolates, percentage  ","%","2019","FR","France",12.716763000,""
"Antimicrobial resistance","Pseudomonas aeruginosa|Carbapenems","R - resistant isolates, percentage  ","%","2019","HR","Croatia",26.229508190,""
"Antimicrobial resistance","Pseudomonas aeruginosa|Carbapenems","R - resistant isolates, percentage  ","%","2019","HU","Hungary",33.182332950,""
"Antimicrobial resistance","Pseudomonas aeruginosa|Carbapenems","R - resistant isolates, percentage  ","%","2019","IE","Ireland",6.545454540,""
"Antimicrobial resistance","Pseudomonas aeruginosa|Carbapenems","R - resistant isolates, percentage  ","%","2019","IS","Iceland",0.000000000,""
"Antimicrobial resistance","Pseudomonas aeruginosa|Carbapenems","R - resistant isolates, percentage  ","%","2019","IT","Italy",13.732208750,""
"Antimicrobial resistance","Pseudomonas aeruginosa|Carbapenems","R - resistant isolates, percentage  ","%","2019","LT","Lithuania",16.346153840,""
"Antimicrobial resistance","Pseudomonas aeruginosa|Carbapenems","R - resistant isolates, percentage  ","%","2019","LU","Luxembourg",9.677419350,""
"Antimicrobial resistance","Pseudomonas aeruginosa|Carbapenems","R - resistant isolates, percentage  ","%","2019","LV","Latvia",32.653061220,""
"Antimicrobial resistance","Pseudomonas aeruginosa|Carbapenems","R - resistant isolates, percentage  ","%","2019","MT","Malta",7.692307690,""
"Antimicrobial resistance","Pseudomonas aeruginosa|Carbapenems","R - resistant isolates, percentage  ","%","2019","NL","Netherlands",5.131964800,""
"Antimicrobial resistance","Pseudomonas aeruginosa|Carbapenems","R - resistant isolates, percentage  ","%","2019","NO","Norway",7.432432430,""
"Antimicrobial resistance","Pseudomonas aeruginosa|Carbapenems","R - resistant isolates, percentage  ","%","2019","PL","Poland",24.449877750,""
"Antimicrobial resistance","Pseudomonas aeruginosa|Carbapenems","R - resistant isolates, percentage  ","%","2019","PT","Portugal",17.775665390,""
"Antimicrobial resistance","Pseudomonas aeruginosa|Carbapenems","R - resistant isolates, percentage  ","%","2019","RO","Romania",55.434782600,""
"Antimicrobial resistance","Pseudomonas aeruginosa|Carbapenems","R - resistant isolates, percentage  ","%","2019","SE","Sweden",9.773371100,""
"Antimicrobial resistance","Pseudomonas aeruginosa|Carbapenems","R - resistant isolates, percentage  ","%","2019","SI","Slovenia",20.000000000,""
"Antimicrobial resistance","Pseudomonas aeruginosa|Carbapenems","R - resistant isolates, percentage  ","%","2019","SK","Slovakia",39.086294410,""
"Antimicrobial resistance","Pseudomonas aeruginosa|Carbapenems","R - resistant isolates, percentage  ","%","2019","UK","United Kingdom",5.944566010,""
"Antimicrobial resistance","Pseudomonas aeruginosa|Carbapenems","R - resistant isolates, percentage  ","%","2020","AT","Austria",15.080527080,""
"Antimicrobial resistance","Pseudomonas aeruginosa|Carbapenems","R - resistant isolates, percentage  ","%","2020","BE","Belgium",12.447257380,""
"Antimicrobial resistance","Pseudomonas aeruginosa|Carbapenems","R - resistant isolates, percentage  ","%","2020","BG","Bulgaria",42.857142850,""
"Antimicrobial resistance","Pseudomonas aeruginosa|Carbapenems","R - resistant isolates, percentage  ","%","2020","CY","Cyprus",20.634920630,""
"Antimicrobial resistance","Pseudomonas aeruginosa|Carbapenems","R - resistant isolates, percentage  ","%","2020","CZ","Czechia",15.742397130,""
"Antimicrobial resistance","Pseudomonas aeruginosa|Carbapenems","R - resistant isolates, percentage  ","%","2020","DE","Germany",13.936889550,""
"Antimicrobial resistance","Pseudomonas aeruginosa|Carbapenems","R - resistant isolates, percentage  ","%","2020","DK","Denmark",4.373757450,""
"Antimicrobial resistance","Pseudomonas aeruginosa|Carbapenems","R - resistant isolates, percentage  ","%","2020","EE","Estonia",12.658227840,""
"Antimicrobial resistance","Pseudomonas aeruginosa|Carbapenems","R - resistant isolates, percentage  ","%","2020","EL","Greece",35.714285710,""
"Antimicrobial resistance","Pseudomonas aeruginosa|Carbapenems","R - resistant isolates, percentage  ","%","2020","ES","Spain",16.802610110,""
"Antimicrobial resistance","Pseudomonas aeruginosa|Carbapenems","R - resistant isolates, percentage  ","%","2020","FI","Finland",3.695150110,""
"Antimicrobial resistance","Pseudomonas aeruginosa|Carbapenems","R - resistant isolates, percentage  ","%","2020","FR","France",12.643036560,""
"Antimicrobial resistance","Pseudomonas aeruginosa|Carbapenems","R - resistant isolates, percentage  ","%","2020","HR","Croatia",30.303030300,""
"Antimicrobial resistance","Pseudomonas aeruginosa|Carbapenems","R - resistant isolates, percentage  ","%","2020","HU","Hungary",33.761232340,""
"Antimicrobial resistance","Pseudomonas aeruginosa|Carbapenems","R - resistant isolates, percentage  ","%","2020","IE","Ireland",7.279693480,""
"Antimicrobial resistance","Pseudomonas aeruginosa|Carbapenems","R - resistant isolates, percentage  ","%","2020","IS","Iceland",12.000000000,""
"Antimicrobial resistance","Pseudomonas aeruginosa|Carbapenems","R - resistant isolates, percentage  ","%","2020","IT","Italy",15.947995660,""
"Antimicrobial resistance","Pseudomonas aeruginosa|Carbapenems","R - resistant isolates, percentage  ","%","2020","LT","Lithuania",25.619834710,""
"Antimicrobial resistance","Pseudomonas aeruginosa|Carbapenems","R - resistant isolates, percentage  ","%","2020","LU","Luxembourg",8.510638290,""
"Antimicrobial resistance","Pseudomonas aeruginosa|Carbapenems","R - resistant isolates, percentage  ","%","2020","LV","Latvia",25.581395340,""
"Antimicrobial resistance","Pseudomonas aeruginosa|Carbapenems","R - resistant isolates, percentage  ","%","2020","MT","Malta",8.163265300,""
"Antimicrobial resistance","Pseudomonas aeruginosa|Carbapenems","R - resistant isolates, percentage  ","%","2020","NL","Netherlands",3.619302940,""
"Antimicrobial resistance","Pseudomonas aeruginosa|Carbapenems","R - resistant isolates, percentage  ","%","2020","NO","Norway",6.382978720,""
"Antimicrobial resistance","Pseudomonas aeruginosa|Carbapenems","R - resistant isolates, percentage  ","%","2020","PL","Poland",28.481012650,""
"Antimicrobial resistance","Pseudomonas aeruginosa|Carbapenems","R - resistant isolates, percentage  ","%","2020","PT","Portugal",13.434247870,""
"Antimicrobial resistance","Pseudomonas aeruginosa|Carbapenems","R - resistant isolates, percentage  ","%","2020","RO","Romania",43.918918910,""
"Antimicrobial resistance","Pseudomonas aeruginosa|Carbapenems","R - resistant isolates, percentage  ","%","2020","SE","Sweden",4.229195080,""
"Antimicrobial resistance","Pseudomonas aeruginosa|Carbapenems","R - resistant isolates, percentage  ","%","2020","SI","Slovenia",13.440860210,""
"Antimicrobial resistance","Pseudomonas aeruginosa|Carbapenems","R - resistant isolates, percentage  ","%","2020","SK","Slovakia",48.917748910,""
"Antimicrobial resistance","Pseudomonas aeruginosa|Carbapenems","R - resistant isolates, percentage  ","%","2021","AT","Austria",15.875169600,""
"Antimicrobial resistance","Pseudomonas aeruginosa|Carbapenems","R - resistant isolates, percentage  ","%","2021","BE","Belgium",10.647181620,""
"Antimicrobial resistance","Pseudomonas aeruginosa|Carbapenems","R - resistant isolates, percentage  ","%","2021","BG","Bulgaria",32.530120480,""
"Antimicrobial resistance","Pseudomonas aeruginosa|Carbapenems","R - resistant isolates, percentage  ","%","2021","CY","Cyprus",24.509803920,""
"Antimicrobial resistance","Pseudomonas aeruginosa|Carbapenems","R - resistant isolates, percentage  ","%","2021","CZ","Czechia",16.302521000,""
"Antimicrobial resistance","Pseudomonas aeruginosa|Carbapenems","R - resistant isolates, percentage  ","%","2021","DE","Germany",14.839385470,""
"Antimicrobial resistance","Pseudomonas aeruginosa|Carbapenems","R - resistant isolates, percentage  ","%","2021","DK","Denmark",3.501945520,""
"Antimicrobial resistance","Pseudomonas aeruginosa|Carbapenems","R - resistant isolates, percentage  ","%","2021","EE","Estonia",14.942528730,""
"Antimicrobial resistance","Pseudomonas aeruginosa|Carbapenems","R - resistant isolates, percentage  ","%","2021","EL","Greece",33.333333330,""
"Antimicrobial resistance","Pseudomonas aeruginosa|Carbapenems","R - resistant isolates, percentage  ","%","2021","ES","Spain",17.021276590,""
"Antimicrobial resistance","Pseudomonas aeruginosa|Carbapenems","R - resistant isolates, percentage  ","%","2021","FI","Finland",4.212860310,""
"Antimicrobial resistance","Pseudomonas aeruginosa|Carbapenems","R - resistant isolates, percentage  ","%","2021","FR","France",12.129870120,""
"Antimicrobial resistance","Pseudomonas aeruginosa|Carbapenems","R - resistant isolates, percentage  ","%","2021","HR","Croatia",31.308411210,""
"Antimicrobial resistance","Pseudomonas aeruginosa|Carbapenems","R - resistant isolates, percentage  ","%","2021","HU","Hungary",34.339314840,""
"Antimicrobial resistance","Pseudomonas aeruginosa|Carbapenems","R - resistant isolates, percentage  ","%","2021","IE","Ireland",8.214285710,""
"Antimicrobial resistance","Pseudomonas aeruginosa|Carbapenems","R - resistant isolates, percentage  ","%","2021","IS","Iceland",9.375000000,""
"Antimicrobial resistance","Pseudomonas aeruginosa|Carbapenems","R - resistant isolates, percentage  ","%","2021","IT","Italy",17.203019460,""
"Antimicrobial resistance","Pseudomonas aeruginosa|Carbapenems","R - resistant isolates, percentage  ","%","2021","LT","Lithuania",25.465838500,""
"Antimicrobial resistance","Pseudomonas aeruginosa|Carbapenems","R - resistant isolates, percentage  ","%","2021","LU","Luxembourg",8.108108100,""
"Antimicrobial resistance","Pseudomonas aeruginosa|Carbapenems","R - resistant isolates, percentage  ","%","2021","LV","Latvia",29.487179480,""
"Antimicrobial resistance","Pseudomonas aeruginosa|Carbapenems","R - resistant isolates, percentage  ","%","2021","MT","Malta",11.428571420,""
"Antimicrobial resistance","Pseudomonas aeruginosa|Carbapenems","R - resistant isolates, percentage  ","%","2021","NL","Netherlands",5.205479450,""
"Antimicrobial resistance","Pseudomonas aeruginosa|Carbapenems","R - resistant isolates, percentage  ","%","2021","NO","Norway",6.796116500,""
"Antimicrobial resistance","Pseudomonas aeruginosa|Carbapenems","R - resistant isolates, percentage  ","%","2021","PL","Poland",27.954545450,""
"Antimicrobial resistance","Pseudomonas aeruginosa|Carbapenems","R - resistant isolates, percentage  ","%","2021","PT","Portugal",14.088669950,""
"Antimicrobial resistance","Pseudomonas aeruginosa|Carbapenems","R - resistant isolates, percentage  ","%","2021","RO","Romania",45.893719800,""
"Antimicrobial resistance","Pseudomonas aeruginosa|Carbapenems","R - resistant isolates, percentage  ","%","2021","SE","Sweden",11.830635110,""
"Antimicrobial resistance","Pseudomonas aeruginosa|Carbapenems","R - resistant isolates, percentage  ","%","2021","SI","Slovenia",13.229571980,""
"Antimicrobial resistance","Pseudomonas aeruginosa|Carbapenems","R - resistant isolates, percentage  ","%","2021","SK","Slovakia",44.186046510,""
"Antimicrobial resistance","Pseudomonas aeruginosa|Carbapenems","R - resistant isolates, percentage  ","%","2022","AT","Austria",16.395864100,""
"Antimicrobial resistance","Pseudomonas aeruginosa|Carbapenems","R - resistant isolates, percentage  ","%","2022","BE","Belgium",14.823008840,""
"Antimicrobial resistance","Pseudomonas aeruginosa|Carbapenems","R - resistant isolates, percentage  ","%","2022","BG","Bulgaria",40.789473680,""
"Antimicrobial resistance","Pseudomonas aeruginosa|Carbapenems","R - resistant isolates, percentage  ","%","2022","CY","Cyprus",32.989690720,""
"Antimicrobial resistance","Pseudomonas aeruginosa|Carbapenems","R - resistant isolates, percentage  ","%","2022","CZ","Czechia",20.620155030,""
"Antimicrobial resistance","Pseudomonas aeruginosa|Carbapenems","R - resistant isolates, percentage  ","%","2022","DE","Germany",13.244001240,""
"Antimicrobial resistance","Pseudomonas aeruginosa|Carbapenems","R - resistant isolates, percentage  ","%","2022","DK","Denmark",2.429149790,""
"Antimicrobial resistance","Pseudomonas aeruginosa|Carbapenems","R - resistant isolates, percentage  ","%","2022","EE","Estonia",15.294117640,""
"Antimicrobial resistance","Pseudomonas aeruginosa|Carbapenems","R - resistant isolates, percentage  ","%","2022","EL","Greece",48.703494920,""
"Antimicrobial resistance","Pseudomonas aeruginosa|Carbapenems","R - resistant isolates, percentage  ","%","2022","ES","Spain",22.557471260,""
"Antimicrobial resistance","Pseudomonas aeruginosa|Carbapenems","R - resistant isolates, percentage  ","%","2022","FI","Finland",4.976303310,""
"Antimicrobial resistance","Pseudomonas aeruginosa|Carbapenems","R - resistant isolates, percentage  ","%","2022","FR","France",11.320754710,""
"Antimicrobial resistance","Pseudomonas aeruginosa|Carbapenems","R - resistant isolates, percentage  ","%","2022","HR","Croatia",34.980988590,""
"Antimicrobial resistance","Pseudomonas aeruginosa|Carbapenems","R - resistant isolates, percentage  ","%","2022","HU","Hungary",31.200787400,""
"Antimicrobial resistance","Pseudomonas aeruginosa|Carbapenems","R - resistant isolates, percentage  ","%","2022","IE","Ireland",8.609271520,""
"Antimicrobial resistance","Pseudomonas aeruginosa|Carbapenems","R - resistant isolates, percentage  ","%","2022","IS","Iceland",11.428571420,""
"Antimicrobial resistance","Pseudomonas aeruginosa|Carbapenems","R - resistant isolates, percentage  ","%","2022","IT","Italy",16.434680520,""
"Antimicrobial resistance","Pseudomonas aeruginosa|Carbapenems","R - resistant isolates, percentage  ","%","2022","LT","Lithuania",24.260355020,""
"Antimicrobial resistance","Pseudomonas aeruginosa|Carbapenems","R - resistant isolates, percentage  ","%","2022","LU","Luxembourg",6.666666660,""
"Antimicrobial resistance","Pseudomonas aeruginosa|Carbapenems","R - resistant isolates, percentage  ","%","2022","LV","Latvia",20.833333330,""
"Antimicrobial resistance","Pseudomonas aeruginosa|Carbapenems","R - resistant isolates, percentage  ","%","2022","MT","Malta",10.638297870,""
"Antimicrobial resistance","Pseudomonas aeruginosa|Carbapenems","R - resistant isolates, percentage  ","%","2022","NL","Netherlands",5.952380950,""
"Antimicrobial resistance","Pseudomonas aeruginosa|Carbapenems","R - resistant isolates, percentage  ","%","2022","NO","Norway",6.077348060,""
"Antimicrobial resistance","Pseudomonas aeruginosa|Carbapenems","R - resistant isolates, percentage  ","%","2022","PL","Poland",24.572649570,""
"Antimicrobial resistance","Pseudomonas aeruginosa|Carbapenems","R - resistant isolates, percentage  ","%","2022","PT","Portugal",11.780336580,""
"Antimicrobial resistance","Pseudomonas aeruginosa|Carbapenems","R - resistant isolates, percentage  ","%","2022","RO","Romania",53.913043470,""
"Antimicrobial resistance","Pseudomonas aeruginosa|Carbapenems","R - resistant isolates, percentage  ","%","2022","SE","Sweden",11.019929660,""
"Antimicrobial resistance","Pseudomonas aeruginosa|Carbapenems","R - resistant isolates, percentage  ","%","2022","SI","Slovenia",14.545454540,""
"Antimicrobial resistance","Pseudomonas aeruginosa|Carbapenems","R - resistant isolates, percentage  ","%","2022","SK","Slovakia",30.733944950,""
"Antimicrobial resistance","Pseudomonas aeruginosa|Carbapenems","R - resistant isolates, percentage  ","%","2023","AT","Austria",14.205344580,""
"Antimicrobial resistance","Pseudomonas aeruginosa|Carbapenems","R - resistant isolates, percentage  ","%","2023","BE","Belgium",11.612903220,""
"Antimicrobial resistance","Pseudomonas aeruginosa|Carbapenems","R - resistant isolates, percentage  ","%","2023","BG","Bulgaria",33.333333330,""
"Antimicrobial resistance","Pseudomonas aeruginosa|Carbapenems","R - resistant isolates, percentage  ","%","2023","CY","Cyprus",24.761904760,""
"Antimicrobial resistance","Pseudomonas aeruginosa|Carbapenems","R - resistant isolates, percentage  ","%","2023","CZ","Czechia",20.163934420,""
"Antimicrobial resistance","Pseudomonas aeruginosa|Carbapenems","R - resistant isolates, percentage  ","%","2023","DE","Germany",12.545403740,""
"Antimicrobial resistance","Pseudomonas aeruginosa|Carbapenems","R - resistant isolates, percentage  ","%","2023","DK","Denmark",3.282275710,""
"Antimicrobial resistance","Pseudomonas aeruginosa|Carbapenems","R - resistant isolates, percentage  ","%","2023","EE","Estonia",13.698630130,""
"Antimicrobial resistance","Pseudomonas aeruginosa|Carbapenems","R - resistant isolates, percentage  ","%","2023","EL","Greece",53.400309110,""
"Antimicrobial resistance","Pseudomonas aeruginosa|Carbapenems","R - resistant isolates, percentage  ","%","2023","ES","Spain",15.098468270,""
"Antimicrobial resistance","Pseudomonas aeruginosa|Carbapenems","R - resistant isolates, percentage  ","%","2023","FI","Finland",6.811989100,""
"Antimicrobial resistance","Pseudomonas aeruginosa|Carbapenems","R - resistant isolates, percentage  ","%","2023","HR","Croatia",28.688524590,""
"Antimicrobial resistance","Pseudomonas aeruginosa|Carbapenems","R - resistant isolates, percentage  ","%","2023","HU","Hungary",30.947368420,""
"Antimicrobial resistance","Pseudomonas aeruginosa|Carbapenems","R - resistant isolates, percentage  ","%","2023","IE","Ireland",6.620209050,""
"Antimicrobial resistance","Pseudomonas aeruginosa|Carbapenems","R - resistant isolates, percentage  ","%","2023","IS","Iceland",3.703703700,""
"Antimicrobial resistance","Pseudomonas aeruginosa|Carbapenems","R - resistant isolates, percentage  ","%","2023","IT","Italy",15.988547310,""
"Antimicrobial resistance","Pseudomonas aeruginosa|Carbapenems","R - resistant isolates, percentage  ","%","2023","LI","Liechtenstein",-,""
"Antimicrobial resistance","Pseudomonas aeruginosa|Carbapenems","R - resistant isolates, percentage  ","%","2023","LT","Lithuania",14.084507040,""
"Antimicrobial resistance","Pseudomonas aeruginosa|Carbapenems","R - resistant isolates, percentage  ","%","2023","LU","Luxembourg",12.765957440,""
"Antimicrobial resistance","Pseudomonas aeruginosa|Carbapenems","R - resistant isolates, percentage  ","%","2023","LV","Latvia",22.727272720,""
"Antimicrobial resistance","Pseudomonas aeruginosa|Carbapenems","R - resistant isolates, percentage  ","%","2023","MT","Malta",5.000000000,""
"Antimicrobial resistance","Pseudomonas aeruginosa|Carbapenems","R - resistant isolates, percentage  ","%","2023","NL","Netherlands",6.597671410,""
"Antimicrobial resistance","Pseudomonas aeruginosa|Carbapenems","R - resistant isolates, percentage  ","%","2023","NO","Norway",7.142857140,""
"Antimicrobial resistance","Pseudomonas aeruginosa|Carbapenems","R - resistant isolates, percentage  ","%","2023","PL","Poland",25.630252100,""
"Antimicrobial resistance","Pseudomonas aeruginosa|Carbapenems","R - resistant isolates, percentage  ","%","2023","PT","Portugal",10.160880600,""
"Antimicrobial resistance","Pseudomonas aeruginosa|Carbapenems","R - resistant isolates, percentage  ","%","2023","RO","Romania",52.671755720,""
"Antimicrobial resistance","Pseudomonas aeruginosa|Carbapenems","R - resistant isolates, percentage  ","%","2023","SE","Sweden",9.684947490,""
"Antimicrobial resistance","Pseudomonas aeruginosa|Carbapenems","R - resistant isolates, percentage  ","%","2023","SI","Slovenia",11.965811960,""
"Antimicrobial resistance","Pseudomonas aeruginosa|Carbapenems","R - resistant isolates, percentage  ","%","2023","SK","Slovakia",43.421052630,""
"Antimicrobial resistance","Pseudomonas aeruginosa|Carbapenems","R - resistant isolates, percentage  ","%","2024","AT","Austria",13.784764200,""
"Antimicrobial resistance","Pseudomonas aeruginosa|Carbapenems","R - resistant isolates, percentage  ","%","2024","BE","Belgium",6.959706950,""
"Antimicrobial resistance","Pseudomonas aeruginosa|Carbapenems","R - resistant isolates, percentage  ","%","2024","BG","Bulgaria",28.735632180,""
"Antimicrobial resistance","Pseudomonas aeruginosa|Carbapenems","R - resistant isolates, percentage  ","%","2024","CY","Cyprus",23.750000000,""
"Antimicrobial resistance","Pseudomonas aeruginosa|Carbapenems","R - resistant isolates, percentage  ","%","2024","CZ","Czechia",15.730337070,""
"Antimicrobial resistance","Pseudomonas aeruginosa|Carbapenems","R - resistant isolates, percentage  ","%","2024","DE","Germany",13.144218270,""
"Antimicrobial resistance","Pseudomonas aeruginosa|Carbapenems","R - resistant isolates, percentage  ","%","2024","DK","Denmark",1.452282150,""
"Antimicrobial resistance","Pseudomonas aeruginosa|Carbapenems","R - resistant isolates, percentage  ","%","2024","EE","Estonia",7.339449540,""
"Antimicrobial resistance","Pseudomonas aeruginosa|Carbapenems","R - resistant isolates, percentage  ","%","2024","EL","Greece",53.393665150,""
"Antimicrobial resistance","Pseudomonas aeruginosa|Carbapenems","R - resistant isolates, percentage  ","%","2024","ES","Spain",16.900369000,""
"Antimicrobial resistance","Pseudomonas aeruginosa|Carbapenems","R - resistant isolates, percentage  ","%","2024","FI","Finland",2.356020940,""
"Antimicrobial resistance","Pseudomonas aeruginosa|Carbapenems","R - resistant isolates, percentage  ","%","2024","FR","France",10.619242570,""
"Antimicrobial resistance","Pseudomonas aeruginosa|Carbapenems","R - resistant isolates, percentage  ","%","2024","HR","Croatia",33.603238860,""
"Antimicrobial resistance","Pseudomonas aeruginosa|Carbapenems","R - resistant isolates, percentage  ","%","2024","HU","Hungary",30.708661410,""
"Antimicrobial resistance","Pseudomonas aeruginosa|Carbapenems","R - resistant isolates, percentage  ","%","2024","IE","Ireland",5.343511450,""
"Antimicrobial resistance","Pseudomonas aeruginosa|Carbapenems","R - resistant isolates, percentage  ","%","2024","IS","Iceland",5.000000000,""
"Antimicrobial resistance","Pseudomonas aeruginosa|Carbapenems","R - resistant isolates, percentage  ","%","2024","IT","Italy",13.756613750,""
"Antimicrobial resistance","Pseudomonas aeruginosa|Carbapenems","R - resistant isolates, percentage  ","%","2024","LT","Lithuania",25.433526010,""
"Antimicrobial resistance","Pseudomonas aeruginosa|Carbapenems","R - resistant isolates, percentage  ","%","2024","LU","Luxembourg",15.789473680,""
"Antimicrobial resistance","Pseudomonas aeruginosa|Carbapenems","R - resistant isolates, percentage  ","%","2024","LV","Latvia",13.846153840,""
"Antimicrobial resistance","Pseudomonas aeruginosa|Carbapenems","R - resistant isolates, percentage  ","%","2024","MT","Malta",7.843137250,""
"Antimicrobial resistance","Pseudomonas aeruginosa|Carbapenems","R - resistant isolates, percentage  ","%","2024","NL","Netherlands",5.077262690,""
"Antimicrobial resistance","Pseudomonas aeruginosa|Carbapenems","R - resistant isolates, percentage  ","%","2024","NO","Norway",5.084745760,""
"Antimicrobial resistance","Pseudomonas aeruginosa|Carbapenems","R - resistant isolates, percentage  ","%","2024","PL","Poland",21.517027860,""
"Antimicrobial resistance","Pseudomonas aeruginosa|Carbapenems","R - resistant isolates, percentage  ","%","2024","PT","Portugal",10.439560430,""
"Antimicrobial resistance","Pseudomonas aeruginosa|Carbapenems","R - resistant isolates, percentage  ","%","2024","RO","Romania",34.108527130,""
"Antimicrobial resistance","Pseudomonas aeruginosa|Carbapenems","R - resistant isolates, percentage  ","%","2024","SE","Sweden",9.905660370,""
"Antimicrobial resistance","Pseudomonas aeruginosa|Carbapenems","R - resistant isolates, percentage  ","%","2024","SI","Slovenia",13.440860210,""
"Antimicrobial resistance","Pseudomonas aeruginosa|Carbapenems","R - resistant isolates, percentage  ","%","2024","SK","Slovakia",39.800995020,""
